[
  {
    "Property / Location": "Green St",
    "Units": 24,
    "Timeline": "4\u20135 years",
    "Last Contacted": "Mar 2025",
    "Notes": ""
  },
  {
    "Property / Location": "Arlington",
    "Units": 76,
    "Timeline": "1\u20132 years",
    "Last Contacted": "Jul 2025",
    "Notes": "HUY"
  },
  {
    "Property / Location": "Piedmont St, Culpeper",
    "Units": 30,
    "Timeline": "3\u20135 years",
    "Last Contacted": "Mar 2025",
    "Notes": ""
  },
  {
    "Property / Location": "Chandler St, Culpeper, VA",
    "Units": 12,
    "Timeline": "Obit",
    "Last Contacted": "Unknown",
    "Notes": ""
  },
  {
    "Property / Location": "Scanlon St / Main St, Culpeper, VA",
    "Units": 6,
    "Timeline": "None",
    "Last Contacted": "Aug 2025",
    "Notes": ""
  },
  {
    "Property / Location": "Villages of Culpeper (602 Willis Ln), Culpeper, VA",
    "Units": 60,
    "Timeline": "Corporation",
    "Last Contacted": "Nov 2023",
    "Notes": ""
  },
  {
    "Property / Location": "Mary Washington, Fredericksburg, VA",
    "Units": 21,
    "Timeline": "Reengage",
    "Last Contacted": "",
    "Notes": ""
  },
  {
    "Property / Location": "Wyoming Ave, Tampa",
    "Units": 2,
    "Timeline": "~1 year",
    "Last Contacted": "",
    "Notes": "Working on contract details"
  },
  {
    "Property / Location": "98 Calhoun St, Warrenton, VA",
    "Units": 10,
    "Timeline": "~1 year",
    "Last Contacted": "Feb 2025",
    "Notes": ""
  }
]